{
  "general": {
    "userAgentRegexes": [],
    "replaceStrings": [],
    "nativeBridgeUrls": [],
    "languages": [],
    "userAgentAdd": "gonative",
    "enableWindowOpen": true,
    "forceScreenOrientation": null,
    "forceUserAgent": "",
    "publicKey": "wkqjqk",
    "deviceRegKey": "77m8jdwp5rf50nac5cx8jxa0vc",
    "appName": "BD Bazaar",
    "initialUrl": "http://bangladeshbazaar.org/",
    "iosCustomHeaders": {},
    "androidCustomHeaders": {},
    "keepScreenOn": true,
    "iosFullScreenWebview": true,
    "androidFullScreen": true
  },
  "navigation": {
    "tabNavigation": {
      "tabSelectionConfig": [
        {
          "id": "1",
          "regex": ".*"
        }
      ],
      "tabMenus": [
        {
          "items": [
            {
              "icon": "fas fa-rectangle-list",
              "label": "Meal History",
              "url": "http://bangladeshbazaar.org/dashboard/self/meal/histroy/",
              "subLinks": []
            },
            {
              "label": "Home",
              "icon": "fas fa-house-chimney",
              "url": "http://bangladeshbazaar.org/",
              "subLinks": []
            },
            {
              "label": "Profile",
              "icon": "fas fa-circle-user",
              "url": "http://bangladeshbazaar.org/dashboard/",
              "subLinks": []
            }
          ],
          "id": "1"
        }
      ],
      "active": true
    },
    "sidebarNavigation": {
      "menuSelectionConfig": {
        "redirectLocations": [
          {
            "regex": ".*",
            "menuName": "default",
            "loggedIn": true
          }
        ]
      },
      "menus": [
        {
          "active": true,
          "items": [
            {
              "label": "Home",
              "url": "http://bangladeshbazaar.org/",
              "icon": "fas fa-house-chimney",
              "subLinks": []
            },
            {
              "label": "Meal History",
              "url": "http://bangladeshbazaar.org/dashboard/self/meal/histroy/",
              "icon": "fas fa-rectangle-list",
              "subLinks": []
            },
            {
              "label": "Payment History",
              "url": "http://bangladeshbazaar.org/dashboard/self/payment/histroy/",
              "icon": "fas fa-history",
              "subLinks": []
            },
            {
              "label": "Payment Request",
              "url": "http://bangladeshbazaar.org/dashboard/payment/request/",
              "icon": "fas fa-share-square",
              "subLinks": []
            },
            {
              "label": "Administrator",
              "url": "",
              "isGrouping": true,
              "subLinks": [
                {
                  "label": "Daily Meal Entry",
                  "url": "http://bangladeshbazaar.org/dashboard/next/day/meal/entry/",
                  "subLinks": [],
                  "icon": "fas fa-plus-circle"
                },
                {
                  "label": "All Meal History",
                  "url": "http://bangladeshbazaar.org/dashboard/meal/histroy/",
                  "icon": "fas fa-list-alt",
                  "subLinks": []
                },
                {
                  "label": "All Payment List",
                  "url": "http://bangladeshbazaar.org/dashboard/payment/list/",
                  "icon": "fas fa-clipboard-list",
                  "subLinks": []
                },
                {
                  "label": "House Entry",
                  "url": "http://bangladeshbazaar.org/dashboard/add/new/houser/",
                  "icon": "fas fa-layer-plus",
                  "subLinks": []
                },
                {
                  "label": "Meal Time Entry",
                  "url": "http://bangladeshbazaar.org/dashboard/add/new/time/of/meal",
                  "icon": "fas fa-clock",
                  "subLinks": []
                },
                {
                  "label": "Add New User",
                  "url": "http://bangladeshbazaar.org/dashboard/add/new/user/",
                  "icon": "fas fa-user-plus",
                  "subLinks": []
                },
                {
                  "label": "All Users list",
                  "url": "http://bangladeshbazaar.org/dashboard/add/new/user/",
                  "icon": "fas fa-users",
                  "subLinks": []
                }
              ],
              "icon": "fas fa-user-shield"
            },
            {
              "url": "javascript:jQuery('a.logout').click();",
              "icon": null,
              "isGrouping": false,
              "label": "Sign Out",
              "subLinks": []
            }
          ],
          "name": "default"
        }
      ]
    },
    "regexInternalExternal": {
      "rules": [
        {
          "internal": false,
          "label": "Non-web links",
          "regex": "^(?!https?://).*"
        },
        {
          "internal": false,
          "label": "Facebook",
          "regex": "https?://([-\\w]+\\.)*facebook\\.com.*"
        },
        {
          "internal": false,
          "label": "Twitter",
          "regex": "https?://([-\\w]+\\.)*twitter\\.com/.*"
        },
        {
          "internal": false,
          "label": "Instagram",
          "regex": "https?://([-\\w]+\\.)*instagram\\.com/.*"
        },
        {
          "internal": false,
          "label": "Google Maps",
          "regex": "https?://maps\\.google\\.com.*"
        },
        {
          "internal": false,
          "label": "Google Maps Search",
          "regex": "https?://([-\\w]+\\.)*google\\.com/maps/search/.*"
        },
        {
          "internal": false,
          "label": "LinkedIn",
          "regex": "https?://([-\\w]+\\.)*linkedin\\.com/.*"
        },
        {
          "internal": true,
          "label": "All Other Links",
          "regex": ".*"
        }
      ],
      "active": true
    },
    "androidPullToRefresh": true,
    "iosPullToRefresh": true,
    "navigationTitles": {
      "titles": [
        {
          "id": 1
        },
        {
          "id": 2,
          "label": "",
          "regex": ""
        }
      ],
      "active": true
    },
    "ignorePageFinishedRegexes": [],
    "androidShowRefreshButton": true,
    "iosShowRefreshButton": true,
    "deepLinkDomains": {
      "domains": [],
      "enableAndroidApplinks": false
    },
    "navigationLevels": {
      "levels": [],
      "active": true
    },
    "toolbarNavigation": {
      "enabled": true,
      "visibilityByPages": "allPages",
      "visibilityByBackButton": "backButtonActive",
      "regexes": [
        {
          "enabled": true,
          "regex": ".*"
        }
      ],
      "items": [
        {
          "system": "back",
          "titleType": "defaultText",
          "visibility": "allPages",
          "urlRegex": [
            {
              "enabled": true,
              "regex": ".*"
            }
          ]
        },
        {
          "system": "refresh",
          "enabled": false,
          "visibility": "allPages",
          "urlRegex": [
            {
              "enabled": true,
              "regex": ".*"
            }
          ]
        },
        {
          "system": "forward",
          "enabled": false,
          "titleType": "defaultText",
          "visibility": "allPages",
          "urlRegex": [
            {
              "enabled": true,
              "regex": ".*"
            }
          ]
        }
      ]
    },
    "redirects": [],
    "iosShowOfflinePage": true,
    "iosConnectionOfflineTime": 10,
    "androidShowOfflinePage": true,
    "androidConnectionOfflineTime": 10,
    "actionConfig": {
      "actions": [
        {
          "id": "1",
          "items": [
            {
              "label": "Meal Histroy",
              "url": "http://bangladeshbazaar.org/dashboard/self/meal/histroy/",
              "icon": "fas fa-history"
            }
          ]
        }
      ],
      "actionSelection": [
        {
          "id": "1",
          "label": "Button Group 1 - All pages",
          "regex": ".*",
          "custom": false
        }
      ],
      "active": true
    },
    "iosOfflinePageHtml": "",
    "androidOfflinePageHtml": "",
    "offlinePageHtml": "",
    "iosSettings": {}
  },
  "styling": {
    "iosLaunchScreen": {
      "backgroundColor": "#ffffff",
      "backgroundColorDark": "#ffffff",
      "backgroundImage": "https://s3.amazonaws.com/gonativeio/images_generated/1663300463691_pevwfbg6y32y8_ffffff_1_2x2.png",
      "backgroundImageDark": "https://s3.amazonaws.com/gonativeio/images_generated/1663300463692_yg87143mrt0jw_ffffff_1_2x2.png",
      "centerImage": "https://gonativeio.s3.amazonaws.com/uploads/p11b9z55y9d2y_1663300417843.png",
      "centerImageDark": "https://gonativeio.s3.amazonaws.com/uploads/kqykq6r4uqpu8_1663300274880.png"
    },
    "transitionInteractiveDelayMax": 0.2,
    "menuAnimationDuration": 0.15,
    "androidShowSplash": true,
    "disableAnimations": false,
    "hideWebviewAlpha": 0.5,
    "iosDarkMode": "auto",
    "iosTitleColor": "#000000",
    "iosTitleColorDark": "#f1f1f1",
    "iosTintColor": "#009600",
    "iosTintColorDark": "#adc5dc",
    "iosSidebarTextColor": "#333333",
    "iosSidebarTextColorDark": "#ffffff",
    "iosStatusBarBackgroundColor": "#009600",
    "iosStatusBarBackgroundColorDark": "#000000",
    "iosSidebarBackgroundColor": "#f8f8f8",
    "iosSidebarBackgroundColorDark": "#333333",
    "iosNavigationBarTintColor": "#f8f8f8",
    "iosNavigationBarTintColorDark": "#333333",
    "iosTabBarTintColor": "#f8f8f8",
    "iosTabBarTintColorDark": "#333333",
    "icon": "https://gonativeio.s3.amazonaws.com/uploads/pdj1c8fmv2nee_1663301058454.png",
    "iosHeaderImage": "https://gonativeio.s3.amazonaws.com/uploads/6t2czcqcffcha_1663302842947.png",
    "showActionBar": true,
    "showNavigationBar": true,
    "iosSidebarFont": "Default",
    "androidHideTitleInActionBar": false,
    "navigationTitleImage": false,
    "iosTheme": "default",
    "androidTheme": "auto",
    "androidBackgroundColor": "#ffffff",
    "androidSidebarBackgroundColor": "#FFFFFF",
    "androidSidebarForegroundColor": "#000000",
    "androidActionBarBackgroundColor": "#FFFFFF",
    "androidActionBarForegroundColor": "#031728",
    "androidPullToRefreshColor": "#009600",
    "androidAccentColor": "#009600",
    "androidSidebarSeparatorColor": "#CCCCCC",
    "androidSidebarHighlightColor": "#000000",
    "androidTabBarBackgroundColor": "#FFFFFF",
    "androidTabBarTextColor": "#949494",
    "androidTabBarIndicatorColor": "#009600",
    "androidTabPressedBackgroundColor": "#CCCCCC",
    "androidStatusBarBackgroundColor": "#009600",
    "androidShowLogoInSideBar": true,
    "androidShowAppNameInSideBar": true,
    "androidSwipeNavigationBackgroundColor": "#FFFFFF",
    "androidSwipeNavigationActiveColor": "#000000",
    "androidSwipeNavigationInactiveColor": "#666666",
    "androidActionBarBackgroundColorDark": "#333333",
    "androidStatusBarBackgroundColorDark": "#333333",
    "androidActionBarForegroundColorDark": "#FFFFFF",
    "androidAccentColorDark": "#80cbc4",
    "androidBackgroundColorDark": "#ffffff",
    "androidSidebarForegroundColorDark": "#FFFFFF",
    "androidSidebarBackgroundColorDark": "#333333",
    "androidSidebarSeparatorColorDark": "#666666",
    "androidSidebarHighlightColorDark": "#FFFFFF",
    "androidPullToRefreshColorDark": "#FFFFFF",
    "androidTabBarTextColorDark": "#FFFFFF",
    "androidTabBarBackgroundColorDark": "#333333",
    "androidTabBarIndicatorColorDark": "#666666",
    "androidTabPressedBackgroundColorDark": "#999999",
    "androidSwipeNavigationBackgroundColorDark": "#333333",
    "androidSwipeNavigationActiveColorDark": "#FFFFFF",
    "androidSwipeNavigationInactiveColorDark": "#666666",
    "iosIcon": "https://gonativeio.s3.amazonaws.com/uploads/pdj1c8fmv2nee_1663301058454.png",
    "androidIcon": "https://gonativeio.s3.amazonaws.com/uploads/fk7xuvqwt7cca_1663301068312.png",
    "androidWebviewTextZoom": 100,
    "navigationTitleImageLocation": "images/logo1_white_padded.png",
    "navigationTitleImageLocationDark": "images/logo1_white_padded.png",
    "androidHeaderImage": "images/logo1_white_padded.png",
    "androidHeaderImageDark": "images/logo1_white_padded.png",
    "iosHeaderImageDark": "https://gonativeio.s3.amazonaws.com/uploads/ctztkcxpg07v4_1663302847933.png",
    "androidLaunchImages": {
      "mdpi": "https://s3.amazonaws.com/gonativeio/images_generated/1663302824462_3w0c99e4ryuuj_180x180.9.png",
      "hdpi": "https://s3.amazonaws.com/gonativeio/images_generated/1663302824462_y1nwerjcjv0pj_270x270.9.png",
      "xhdpi": "https://s3.amazonaws.com/gonativeio/images_generated/1663302824462_tenkt18hj9hka_360x360.9.png",
      "xxhdpi": "https://s3.amazonaws.com/gonativeio/images_generated/1663302824462_7g9zzkgp5uwbr_540x540.9.png",
      "xxxhdpi": "https://s3.amazonaws.com/gonativeio/images_generated/1663302824462_rcq690fndcx1c_720x720.9.png"
    },
    "androidLaunchImagesDark": {
      "mdpi": "https://s3.amazonaws.com/gonativeio/images_generated/1663302824463_kcyapgyfnh5ar_180x180.9.png",
      "hdpi": "https://s3.amazonaws.com/gonativeio/images_generated/1663302824463_71tyqd1mk9nne_270x270.9.png",
      "xhdpi": "https://s3.amazonaws.com/gonativeio/images_generated/1663302824463_9v20vb2r93n2m_360x360.9.png",
      "xxhdpi": "https://s3.amazonaws.com/gonativeio/images_generated/1663302824463_cgt4zq46q4zm8_540x540.9.png",
      "xxxhdpi": "https://s3.amazonaws.com/gonativeio/images_generated/1663302824463_1zdbkqw8txkvw_720x720.9.png"
    },
    "forceViewportWidth": null
  },
  "permissions": {
    "usesGeolocation": false,
    "androidDownloadToPublicStorage": false,
    "enableWebRTC": false,
    "iOSATTUserTrackingDescription": "",
    "iOSRequestATTConsentOnLoad": false
  },
  "services": {
    "oneSignal": {
      "active": false
    }
  },
  "forms": {
    "search": {
      "active": true
    }
  }
}